{
  "panOrder": "uc|p123|quark|ali|yd|ty|115##原畫",
  "aliToken": "",
  "quarkCookie": "",
  "ucCookie": "",
  "ucToken": "",
  "ucUt": "",
  "115Cookie": "",
  "pwdRb115": "",//115 删除码
  "goServerUrl": "http://127.0.0.1:9966",
  "ydAuth": "",//请求头中authorization 取basic 后面的值
  "tyAuth": "",//账号|密码
  "p123Auth":"",//账号|密码
  "proxy": "http://127.0.0.1:1072",//默认代理端口 留空则使用外置代理
  "tgPic": "false"//tgsou 图片显示与否
}