{
"token":"",
"open_token":"",
"open_api_url":"postparam|http://api.extscreen.com/aliyundrive/token",
"oauth_client_id":"",
"oauth_client_secret":"",
"oauth_auth_url":"",
"oauth_refresh_url":"",
"is_vip":true,
"vip_thread_limit":32,
"vip_thread_limit_night":"19-23=10",
"vod_flags":"4kz|auto",
"quark_thread_limit":32,
"quark_thread_limit_night":"19-23=10",
"quark_is_guest":false,
"quark_vip_thread_limit":32,
"quark_vip_thread_limit_night":"19-23=10",
"quark_flags":"4kz|auto",
"uc_thread_limit":10,
"uc_is_vip":false,
"uc_vip_thread_limit":10,
"uc_flags":"4kz|auto",
"thunder_thread_limit":2,
"thunder_is_vip":false,
"thunder_vip_thread_limit":2,
"thunder_flags":"4kz",
"aliproxy":"",
"aliproxy_url":"./aliproxy.tar.xz",
"proxy":"",
"danmu":true,
"quark_danmu":true,
"quark_cookie":"",
"uc_cookie":"",
"thunder_username":"",
"thunder_password":"",
"thunder_captchatoken":"",
"yd_auth":"",
"yd_thread_limit":4,
"yd_flags":"auto|4kz",
"yd_danmu":true,
"pikpak_username":"",
"pikpak_password":"",
"pikpak_flags":"4kz",
"pikpak_thread_limit":2,
"pikpak_vip_thread_limit":2,
"pikpak_proxy":"proxy",
"pikpak_proxy_onlyapi":false,
"pikpak_danmu":true,
"wgcf_key":"",
"wgcf_key2":"",
"wgcf_ipport":"",
"wgcf_xray_url":"./xray.gz",
"wgcf_geoip_url":"./geoip.dat.gz",
"wgcf_json_url":"./wgcf.json",
"wgcf_vless_id":"",
"wgcf_vless_optname":"singapore.com:443",
"wgcf_vless_worker":"",
"wgcf_vless_path":"/?ed=2048",
"wgcf_vless_protocol":"vless",
"wgcf_vless_network":"ws",
"wgcf_vless_tls":false,
"libxl_url":"./libxlsdk.tar.xz",
"youtube_proxy":"proxy",
"singbox_url":"./sing-box.tar.xz",
"singbox_subscribe_url":"",
"singbox_clash2singbox_url":"./clash2singbox.tar.xz",
"singbox_template_url":"./singbox.json",
"singbox_wgcf_json_url":"./wgcf2singbox.json",
"pan115_cookie":"",
"pan115_thread_limit":0,
"pan115_vip_thread_limit":0,
"pan115_is_vip":false,
"pan115_flags":"4kz",
"pan115_speed_limit":0,
"pan115_speed_limit_mobile":10485760,
"pan115_auto_delete":true,
"pan115_delete_code":"",
"pan_order":"ali|quark|115|yd|thunder|pikpak",
"tgsearch_url":"./tgsearch.tar.xz",
"tgsearch_api_id":"",
"tgsearch_api_hash":"",
"tgsearch_api_session":"",
"tgsearch_api_session_v1":"",
"tgsearch_api_proxy":"proxy",
"tgsearch_api_url":"http://127.0.0.1:10199/",
"tgsearch_media_url":"http://127.0.0.1:10199/",
"allinone_url":"./allinone.tar.xz"
}
